username,rawText password,email address,md5Hash
asd,anything1,asd@gmail.com,5b0de7f56ccaa85be4a5b255f5682d86
melodie88,moody,Curabitur.sed@ornareFuscemollis.com,69547acb697857925d686dc81eeaaaf7
sheila93,union,tincidunt.adipiscing@nisi.ca,aa252f7bcbb4b8379004aa0c7cf76c10
cally97,exude,non@luctuslobortis.org,7d4e280a15b21987746a3f402f556d3d
amal97,books,felis.Nulla.tempor@maurisid.ca,7d8949bcbf85067fceda9f84a6affb6b
marsden06,guess,egestas.Aliquam.nec@idliberoDonec.com,4142047431f5f974ef182c6f3a4982f6
madison49,rosen,rutrum.magna@interdumNunc.org,74bfd9ef311ff42cca44edfb24c3fced
isabella21,cecil,ut.pharetra@Maurismolestiepharetra.edu,c3a6f631cc20ae5b86f21fc4afd76778
heather27,slant,adipiscing@commodoipsumSuspendisse.edu,121327de482f191cd7e6c2e6f93a7c54
ulysses46,crawl,cursus.non.egestas@nequeNullamut.ca,78a0cc219a4cb3563ac5fed236ad00f9
gabriel30,croak,non@tellusPhasellus.net,7b144da76ec35ea610fb70e1ddec381a
maxine03,leech,ut.dolor@id.com,496b178966fd31a90acf9afe59767e93
uriah54,12345,ultrices@euelit.net,827ccb0eea8a706c4c34a16891f84e7b
leandra80,dread,nisi.Mauris.nulla@vestibulummassa.net,d74827ee76d4e4213cc4aea063109265
ruby69,entry,et@nonmassa.co.uk,1043bfc77febe75fafec0c4309faccf1
cedric25,coops,dictum.augue@cursus.net,3ef40b3b460422942f8099603064fe05
ciaran63,abate,tincidunt@consequat.com,0cd2269e449dec70464bd16e373fcfe5
leo65,password,fringilla@sedsemegestas.org,5f4dcc3b5aa765d61d8327deb882cf99
zorita47,byers,gravida.Praesent@dictumaugue.com,248475c0f25c52d675b4221d45df91d5
odysseus33,frogs,ut.pharetra.sed@consectetueradipiscingelit.edu,bf9990695b6c6c88406557bc17a83f7c
germane54,carts,dolor@fringillaornare.net,8642a2f37a5d42b54ce53b1fbdd1583f
macon25,ozone,orci@Vestibulumut.edu,1b9ac7aecd52eab14089942f8267f22a
zahir19,corps,lectus@sagittisNullamvitae.ca,74e9af2246b7085ed082dae691a3bcaa
brenda48,serge,dui.Fusce.aliquam@utlacusNulla.edu,eb2b0f82d5d1235eb5d5b8524ac3956e
desirae95,float,Aliquam@Suspendissecommodotincidunt.com,546ade640b6edfbc8a086ef31347e768
demetria93,knell,elit.Nulla@Curabitur.co.uk,63ed7352db78081eb0608e413a50076e
aidan19,password1,Proin.nisl@massa.net,7c6a180b36896a0a8c02787eeafb0e4c
veronica10,civic,mi.lorem@eu.com,2f49f4708537033e725213452617f2e4
kareem16,hades,a.facilisis@placerat.edu,f34422bcdc47f03049914f8980595636
maisie81,toes,ut@cursus.net,df9b7588dcaf48db2f893f9d8d560c32
adminsds,hello0,asdsad@gmail.coma,4f6d054536d6613a91472139cc60f072
ursa20,clamp,nisi.sem.semper@semperegestasurna.co.uk,a597a055c00d084069e4bb23dc789ac9
ira13,bicep,Donec@elit.net,af7c7e061253c425804c08bd4f1ada98
shoshana04,holly,Nunc.laoreet.lectus@augueeutempor.net,6824cc4c7c33aabf02553093853c2e69
william81,sedan,ipsum.dolor@hymenaeosMauris.com,1569c256fba5413080c36dfdedbc15b8
hu19,sinew,Quisque.purus@eu.net,40f96b6fdf6d30cebf684405a6f9b2dc
florence59,nixon,Donec.consectetuer.mauris@non.co.uk,37a7d989abe835f49b618a5f93a5ad4a
fulton09,sable,ultrices.Vivamus.rhoncus@viverra.co.uk,fc16f82baa7135b48134de398d72eefe
seth16,blood,ac.arcu@euismod.org,6b157916b43b09df5a22f658ccb92b64
nicholas82,tyson,dapibus.quam.quis@mauriselitdictum.edu,4fe9cb131031fa6489723e3d49194f99
sophia30,model,odio.auctor@Curabitur.ca,20f35e630daf44dbfa4c3f68f5399d8c
jasper96,wrath,Sed.molestie@iaculis.ca,28be4303152333e6c6e9a892f83c16b3
garrett16,edgar,Quisque.fringilla.euismod@etmagnisdis.co.uk,6b1d24ff83a319070db95c6c84b9be31
bree11,rhoda,enim.sit@urnanecluctus.com,884bdc78188426e07cf7cc03750052e8
len96,carol,augue@nec.ca,a9a0198010a6073db96434f6cc5f22a8
halla96,scion,euismod.urna@velit.org,09c8662b68b05977c1017f69e000229a
shelley61,shunt,amet.orci.Ut@variuset.net,3254cd378c7ede5e26cc74349d77e1c3
admin,admin,nan,21232f297a57a5a743894a0e4a801fc3
igor11,papal,Integer.aliquam.adipiscing@Suspendisse.co.uk,b20ec38c09d59fe2bb72d64ffc08e090
hoyt17,ashes,non@famesac.edu,3a90eeb9b16640a98c41091237a517e3
thomas41,parke,Nunc.ac.sem@metusInnec.com,8c1271eba12ac10910fc875200a612a8
xyla99,rufus,risus.a@ametconsectetueradipiscing.ca,3a2967f3d7e135a55d8bb158e61d95d4
gannon54,bryan,nunc@Praesenteu.net,7d4ef62de50874a4db33e6da3ff79f75
brendan72,bags,risus.Duis@auctorveliteget.com,404e218d27fee49e22248925f3eecd06
karen45,cider,ut@tincidunt.net,8473f1455496d1922daaceebeb28c314
giacomo75,avoid,diam@egestas.ca,ebc7748dfc82aaa2b35b8d1cc3fdfe7e
chelsea01,knick,tortor@magnatellus.co.uk,a3731c83692fc0ed3cfa242588325f68
mallory20,begun,vulputate.posuere.vulputate@sitamet.co.uk,d1fe449335c473c1ada95f16633d2f25
nathan45,tiger,tortor.nibh@eratvolutpatNulla.org,43b90920409618f188bfc6923f16b9fa
kiara60,braid,eget.volutpat.ornare@variusultricesmauris.ca,7566120cc98f85dba933e2538acd9885
