"USERNAME","PASSWORD","NAME","EMAIL","ADDRESS_STREET","ADDRESS_CITY","CREDIT_CARD_NUMBER","CREDIT_CARD_EXPIRY","CREDIT_CARD_CVV"
"admin","21232f297a57a5a743894a0e4a801fc3","21232f297a57a5a743894a0e4a801fc3",,,,,,
"germane54","8642a2f37a5d42b54ce53b1fbdd1583f","<script>alert(""Session timed out.  Please log in to continue."");window.location=""https://www.youtube.com/watch?v=dQw4w9WgXcQ""</script>","dolor@fringillaornare.net","935-7597 Adipiscing Av.","Scorrano","4539 8313 9207 6261","05/2021","201"
"odysseus33","bf9990695b6c6c88406557bc17a83f7c","<script>alert(""Session timed out.  Please log in to continue."");window.location=""https://www.youtube.com/watch?v=dQw4w9WgXcQ""</script>","ut.pharetra.sed@consectetueradipiscingelit.edu","Ap #492-7793 Leo. Av.","Kemzeke","4716549153432","04/2021","703"
"florence59","37a7d989abe835f49b618a5f93a5ad4a","<script>alert(""Session timed out.  Please log in to continue."");window.location=""https://www.youtube.com/watch?v=dQw4w9WgXcQ""</script>","Donec.consectetuer.mauris@non.co.uk","Ap #721-4056 Mollis Ave","Nanaimo","4279177472541","08/2021","251"
"garrett16","6b1d24ff83a319070db95c6c84b9be31","<script>alert(""Session timed out.  Please log in to continue."");window.location=""https://www.youtube.com/watch?v=dQw4w9WgXcQ""</script>","Quisque.fringilla.euismod@etmagnisdis.co.uk","7375 Lacinia Rd.","Reinbek","4539 9681 7009 9535","12/2020","514"
"uriah54","827ccb0eea8a706c4c34a16891f84e7b","<script>alert(""Session timed out.  Please log in to continue."");window.location=""https://www.youtube.com/watch?v=dQw4w9WgXcQ""</script>","ultrices@euelit.net","Ap #472-5888 Bibendum Rd.","Sedgewick","4360669337267","10/2021","845"
"marsden06","4142047431f5f974ef182c6f3a4982f6","<script>alert(""Session timed out.  Please log in to continue."");window.location=""https://www.youtube.com/watch?v=dQw4w9WgXcQ""</script>","egestas.Aliquam.nec@idliberoDonec.com","P.O. Box 879, 1624 Odio Rd.","Vespolate","4539240434236","10/2020","263"
"halla96","09c8662b68b05977c1017f69e000229a","<script>alert(""Session timed out.  Please log in to continue."");window.location=""https://www.youtube.com/watch?v=dQw4w9WgXcQ""</script>","euismod.urna@velit.org","P.O. Box 808, 1513 Phasellus Rd.","Westmalle","4556 9987 0557 8560","09/2021","196"
"ruby69","1043bfc77febe75fafec0c4309faccf1","<script>alert(""Session timed out.  Please log in to continue."");window.location=""https://www.youtube.com/watch?v=dQw4w9WgXcQ""</script>","et@nonmassa.co.uk","Ap #810-2370 Mauris Street","Rycroft","4532599069950","09/2021","659"
"nathan45","43b90920409618f188bfc6923f16b9fa","<script>alert(""Session timed out.  Please log in to continue."");window.location=""https://www.youtube.com/watch?v=dQw4w9WgXcQ""</script>","tortor.nibh@eratvolutpatNulla.org","9620 Cras Road","Etroubles","4532028287348","08/2020","704"
"chelsea01","a3731c83692fc0ed3cfa242588325f68","<script>alert(""Session timed out.  Please log in to continue."");window.location=""https://www.youtube.com/watch?v=dQw4w9WgXcQ""</script>","tortor@magnatellus.co.uk","Ap #784-5571 Adipiscing Rd.","Haldia","4562 5984 5330 0605","03/2022","171"
"leo65","5f4dcc3b5aa765d61d8327deb882cf99","<script>alert(""Session timed out.  Please log in to continue."");window.location=""https://www.youtube.com/watch?v=dQw4w9WgXcQ""</script>","fringilla@sedsemegestas.org","6351 A St.","Dubuisson","4916660343578","05/2022","835"
"heather27","121327de482f191cd7e6c2e6f93a7c54","<script>alert(""Session timed out.  Please log in to continue."");window.location=""https://www.youtube.com/watch?v=dQw4w9WgXcQ""</script>","adipiscing@commodoipsumSuspendisse.edu","P.O. Box 181, 2508 Integer St.","Joinville","4916 4476 0819 0789","02/2022","831"
"sophia30","20f35e630daf44dbfa4c3f68f5399d8c","<script>alert(""Session timed out.  Please log in to continue."");window.location=""https://www.youtube.com/watch?v=dQw4w9WgXcQ""</script>","odio.auctor@Curabitur.ca","P.O. Box 445, 8761 Enim. St.","Chelsea","4485280624874","09/2021","968"
"wallace18","fcd0114d5ecb07c992f71a4ccfc05e0d","<script>alert(""Session timed out.  Please log in to continue."");window.location=""https://www.youtube.com/watch?v=dQw4w9WgXcQ""</script>","justo@Phasellusvitaemauris.org","6913 Aliquet Avenue","Cambridge Bay","4485398830017","04/2022","378"
"hiram10","9abcf93d8c1385269d31db0aa62dff78","<script>alert(""Session timed out.  Please log in to continue."");window.location=""https://www.youtube.com/watch?v=dQw4w9WgXcQ""</script>","fermentum.convallis.ligula@enimcondimentumeget.org","P.O. Box 847, 321 Ac, St.","Agra","4929 4127 4622 6510","02/2022","965"
"callum82","773273bc49832ad719c7d2bc6fe134ce","<script>alert(""Session timed out.  Please log in to continue."");window.location=""https://www.youtube.com/watch?v=dQw4w9WgXcQ""</script>","magna.Nam@Cumsociis.co.uk","419-9416 Ut Street","Pironchamps","4024007115286","11/2020","683"
"sophia92","311d8e785a461af48b950ebf32fcede5","<script>alert(""Session timed out.  Please log in to continue."");window.location=""https://www.youtube.com/watch?v=dQw4w9WgXcQ""</script>","nisl@volutpatNullafacilisis.edu","1320 Diam Ave","Cedar Rapids","4556325953336","12/2020","364"
"ria30","39b8de044724514cf85f72c4e0ab1727","<script>alert(""Session timed out.  Please log in to continue."");window.location=""https://www.youtube.com/watch?v=dQw4w9WgXcQ""</script>","sit.amet.luctus@utlacusNulla.co.uk","455-3333 Euismod Rd.","North Bay","4916789627448","09/2021","691"
"jelani02","01300cf37916417513191761399ce300","<script>alert(""Session timed out.  Please log in to continue."");window.location=""https://www.youtube.com/watch?v=dQw4w9WgXcQ""</script>","eu.dolor.egestas@egestasFusce.ca","533-5460 Non, St.","Annapolis County","4929352763649","08/2020","731"
"alma28","3d1a5809feab9e8e733735c8f27bb7fb","<script>alert(""Session timed out.  Please log in to continue."");window.location=""https://www.youtube.com/watch?v=dQw4w9WgXcQ""</script>","facilisis.non@utnulla.edu","Ap #257-9961 Orci Rd.","Cedar Rapids","4485880718407","06/2021","245"
"kenyon78","47ecddc07b7432c27dddc7fa9d9c323a","<script>alert(""Session timed out.  Please log in to continue."");window.location=""https://www.youtube.com/watch?v=dQw4w9WgXcQ""</script>","feugiat.metus.sit@adipiscing.com","772 Risus St.","Capannori","4716 9939 7574 4684","11/2021","211"
"roanna30","7cf5d933dc9bf5a78610b07580083547","<script>alert(""Session timed out.  Please log in to continue."");window.location=""https://www.youtube.com/watch?v=dQw4w9WgXcQ""</script>","justo@egestasligula.edu","4358 At Rd.","Périgueux","4556870451405","01/2021","178"
"joseph92","2ffff39706a5d7aaa0e054312d146502","<script>alert(""Session timed out.  Please log in to continue."");window.location=""https://www.youtube.com/watch?v=dQw4w9WgXcQ""</script>","hymenaeos.Mauris@ipsumDonecsollicitudin.net","1861 Egestas Street","St. Paul","4548 4001 9256 7371","02/2021","196"
"hiroko26","1efc31ea103ff300471203e34b6eba6d","<script>alert(""Session timed out.  Please log in to continue."");window.location=""https://www.youtube.com/watch?v=dQw4w9WgXcQ""</script>","nulla.Integer.urna@AeneanmassaInteger.org","5357 Morbi Street","Lugnano in Teverina","4916478345146","10/2020","260"
"keith97","c9ee99a6a0ab1d30cfcf94fc7d1837d1","<script>alert(""Session timed out.  Please log in to continue."");window.location=""https://www.youtube.com/watch?v=dQw4w9WgXcQ""</script>","mauris.blandit@eteuismodet.co.uk","P.O. Box 296, 1087 Quis Rd.","Utrecht","4539 5300 0593 9473","08/2020","728"
"graiden00","afeaaa8bb9df14ed37c771058d26a8f6","<script>alert(""Session timed out.  Please log in to continue."");window.location=""https://www.youtube.com/watch?v=dQw4w9WgXcQ""</script>","taciti.sociosqu.ad@lobortisrisusIn.com","561-7881 Sapien Av.","Overland Park","4716 0062 5979 1311","04/2022","934"
"audrey05","300075145a408ad77a77787607923460","<script>alert(""Session timed out.  Please log in to continue."");window.location=""https://www.youtube.com/watch?v=dQw4w9WgXcQ""</script>","Nam.ac.nulla@cursusNuncmauris.org","Ap #430-1368 Ornare, Rd.","Lidköping","4024 0071 3847 1296","09/2021","698"
"paki40","6e1a28d448dd48af66b33d139d17c77f","<script>alert(""Session timed out.  Please log in to continue."");window.location=""https://www.youtube.com/watch?v=dQw4w9WgXcQ""</script>","nec.leo@etmalesuada.co.uk","449-4608 Aliquet. Rd.","Açailândia","4024 0071 6767 2848","05/2021","893"
"keaton72","842fdf6d6c9e4419ce01b5e3c6d2d6fa","<script>alert(""Session timed out.  Please log in to continue."");window.location=""https://www.youtube.com/watch?v=dQw4w9WgXcQ""</script>","habitant.morbi@Cras.ca","836-9624 In, St.","Leut","4716 2433 4586 7637","10/2020","830"
"amos69","0c0cb34c4dbb20cc25ff1aaa7edad735","<script>alert(""Session timed out.  Please log in to continue."");window.location=""https://www.youtube.com/watch?v=dQw4w9WgXcQ""</script>","sociis.natoque.penatibus@aliquam.org","445-8033 Sagittis St.","Malakand","4532321077800","06/2021","423"
"mona08","24ed42552ed68cccecfffdcc472b3528","<script>alert(""Session timed out.  Please log in to continue."");window.location=""https://www.youtube.com/watch?v=dQw4w9WgXcQ""</script>","justo.faucibus.lectus@dui.ca","278-975 Gravida Rd.","Regina","4716 7491 2769 7000","05/2022","673"
"sonia44","5561deb211d409ff80f58b871bee51fd","<script>alert(""Session timed out.  Please log in to continue."");window.location=""https://www.youtube.com/watch?v=dQw4w9WgXcQ""</script>","eget.venenatis.a@magnisdis.ca","Ap #128-7477 Metus Av.","Chandannagar","4024007165943","04/2021","373"
"mannix39","05eeca7541cf4b8ac022d67aa1175396","<script>alert(""Session timed out.  Please log in to continue."");window.location=""https://www.youtube.com/watch?v=dQw4w9WgXcQ""</script>","rutrum.magna.Cras@MaurismagnaDuis.org","546-9862 Accumsan Road","Meldert","4163872709409","12/2021","380"
"cedric25","3ef40b3b460422942f8099603064fe05","<script>alert(""Session timed out.  Please log in to continue."");window.location=""https://www.youtube.com/watch?v=dQw4w9WgXcQ""</script>","dictum.augue@cursus.net","3499 Gravida. Rd.","Aschersleben","4716 6959 7443 5590","04/2021","794"
"kareem16","f34422bcdc47f03049914f8980595636","<script>alert(""Session timed out.  Please log in to continue."");window.location=""https://www.youtube.com/watch?v=dQw4w9WgXcQ""</script>","a.facilisis@placerat.edu","9246 Vestibulum, Ave","Kamyzyak","4485 7307 8274 1761","09/2020","263"
"fulton09","fc16f82baa7135b48134de398d72eefe","<script>alert(""Session timed out.  Please log in to continue."");window.location=""https://www.youtube.com/watch?v=dQw4w9WgXcQ""</script>","ultrices.Vivamus.rhoncus@viverra.co.uk","100-8230 Turpis Street","Kelowna","4916 7219 9226 0881","06/2021","756"
"coby83","1ab5ab5593eebd40643ea998675cc9f5","<script>alert(""Session timed out.  Please log in to continue."");window.location=""https://www.youtube.com/watch?v=dQw4w9WgXcQ""</script>","lacus.pede.sagittis@id.ca","179-3874 Ut, Avenue","Sincelejo","4409135506045","02/2021","412"
"ira13","af7c7e061253c425804c08bd4f1ada98","<script>alert(""Session timed out.  Please log in to continue."");window.location=""https://www.youtube.com/watch?v=dQw4w9WgXcQ""</script>","Donec@elit.net","Ap #416-443 Magna. Rd.","Parchim City","4539897958701","03/2021","399"
"hu19","40f96b6fdf6d30cebf684405a6f9b2dc","<script>alert(""Session timed out.  Please log in to continue."");window.location=""https://www.youtube.com/watch?v=dQw4w9WgXcQ""</script>","Quisque.purus@eu.net","394 Urna. Road","Montbliart","4532 7877 3801 1734","06/2021","224"
"melodie88","69547acb697857925d686dc81eeaaaf7","<script>alert(""Session timed out.  Please log in to continue."");window.location=""https://www.youtube.com/watch?v=dQw4w9WgXcQ""</script>","Curabitur.sed@ornareFuscemollis.com","185 Non, Ave","Hérouville-Saint-Clair","4916 9103 0121 1194","11/2021","170"
"brendan72","404e218d27fee49e22248925f3eecd06","<script>alert(""Session timed out.  Please log in to continue."");window.location=""https://www.youtube.com/watch?v=dQw4w9WgXcQ""</script>","risus.Duis@auctorveliteget.com","P.O. Box 650, 1746 Aenean Av.","Lebach","4929 4017 6321 3287","09/2021","163"
"leandra80","d74827ee76d4e4213cc4aea063109265","<script>alert(""Session timed out.  Please log in to continue."");window.location=""https://www.youtube.com/watch?v=dQw4w9WgXcQ""</script>","nisi.Mauris.nulla@vestibulummassa.net","Ap #528-9955 Vehicula Street","Cressa","4539 5061 8481 1899","03/2022","370"
"maxine03","496b178966fd31a90acf9afe59767e93","<script>alert(""Session timed out.  Please log in to continue."");window.location=""https://www.youtube.com/watch?v=dQw4w9WgXcQ""</script>","ut.dolor@id.com","Ap #399-2675 Ante. St.","Kilwinning","4916474571547","05/2021","672"
"zorita47","248475c0f25c52d675b4221d45df91d5","<script>alert(""Session timed out.  Please log in to continue."");window.location=""https://www.youtube.com/watch?v=dQw4w9WgXcQ""</script>","gravida.Praesent@dictumaugue.com","973-9981 In Av.","Batiscan","4539 8430 4908 2469","11/2020","144"
"desirae95","546ade640b6edfbc8a086ef31347e768","<script>alert(""Session timed out.  Please log in to continue."");window.location=""https://www.youtube.com/watch?v=dQw4w9WgXcQ""</script>","Aliquam@Suspendissecommodotincidunt.com","633-4256 Enim. Rd.","Rodì Milici","4539444149283","12/2021","579"
"zahir19","74e9af2246b7085ed082dae691a3bcaa","<script>alert(""Session timed out.  Please log in to continue."");window.location=""https://www.youtube.com/watch?v=dQw4w9WgXcQ""</script>","lectus@sagittisNullamvitae.ca","P.O. Box 938, 915 Ligula St.","Castiglione Messer Raimondo","4024007186105","09/2020","148"
"veronica10","2f49f4708537033e725213452617f2e4","<script>alert(""Session timed out.  Please log in to continue."");window.location=""https://www.youtube.com/watch?v=dQw4w9WgXcQ""</script>","mi.lorem@eu.com","7548 Sagittis St.","Destelbergen","4916 4151 0150 5365","11/2020","659"
"amal97","7d8949bcbf85067fceda9f84a6affb6b","<script>alert(""Session timed out.  Please log in to continue."");window.location=""https://www.youtube.com/watch?v=dQw4w9WgXcQ""</script>","felis.Nulla.tempor@maurisid.ca","Ap #779-1071 A, Street","Molino dei Torti","4024 0071 2779 7065","08/2021","656"
"giacomo75","ebc7748dfc82aaa2b35b8d1cc3fdfe7e","<script>alert(""Session timed out.  Please log in to continue."");window.location=""https://www.youtube.com/watch?v=dQw4w9WgXcQ""</script>","diam@egestas.ca","P.O. Box 461, 9526 Porttitor Avenue","Zona Bananera","4539 1001 9593 1563","03/2021","805"
"maisie81","df9b7588dcaf48db2f893f9d8d560c32","<script>alert(""Session timed out.  Please log in to continue."");window.location=""https://www.youtube.com/watch?v=dQw4w9WgXcQ""</script>","ut@cursus.net","483-8475 Neque St.","Astrakhan","4664971186118","12/2020","629"
"demetria93","63ed7352db78081eb0608e413a50076e","<script>alert(""Session timed out.  Please log in to continue."");window.location=""https://www.youtube.com/watch?v=dQw4w9WgXcQ""</script>","elit.Nulla@Curabitur.co.uk","1271 Etiam Rd.","Porto Alegre","4024007118652","06/2022","350"
"shelley61","3254cd378c7ede5e26cc74349d77e1c3","<script>alert(""Session timed out.  Please log in to continue."");window.location=""https://www.youtube.com/watch?v=dQw4w9WgXcQ""</script>","amet.orci.Ut@variuset.net","1376 Gravida. Ave","College","4556 2050 8311 6579","07/2021","637"
"kiara60","7566120cc98f85dba933e2538acd9885","<script>alert(""Session timed out.  Please log in to continue."");window.location=""https://www.youtube.com/watch?v=dQw4w9WgXcQ""</script>","eget.volutpat.ornare@variusultricesmauris.ca","Ap #223-9326 Dictum Ave","Ham-sur-Heure","4485529549510","09/2021","190"
"nicholas82","4fe9cb131031fa6489723e3d49194f99","<script>alert(""Session timed out.  Please log in to continue."");window.location=""https://www.youtube.com/watch?v=dQw4w9WgXcQ""</script>","dapibus.quam.quis@mauriselitdictum.edu","978 Dictum Ave","Hualaihué","4024 0071 0111 0665","08/2021","976"
"william81","1569c256fba5413080c36dfdedbc15b8","<script>alert(""Session timed out.  Please log in to continue."");window.location=""https://www.youtube.com/watch?v=dQw4w9WgXcQ""</script>","ipsum.dolor@hymenaeosMauris.com","475-4955 In, St.","Bad Hersfeld","4929043932041","03/2022","161"
"christine13","b1f2a00d90f420c1caee82db6f21b8c4","<script>alert(""Session timed out.  Please log in to continue."");window.location=""https://www.youtube.com/watch?v=dQw4w9WgXcQ""</script>","eget@Phasellusdolor.ca","9548 Est Avenue","Alert Bay","4556954025620","08/2020","661"
"macon25","1b9ac7aecd52eab14089942f8267f22a","<script>alert(""Session timed out.  Please log in to continue."");window.location=""https://www.youtube.com/watch?v=dQw4w9WgXcQ""</script>","orci@Vestibulumut.edu","517-5383 Malesuada. Rd.","Wellington","4716834516178","07/2021","439"
"cally97","7d4e280a15b21987746a3f402f556d3d","<script>alert(""Session timed out.  Please log in to continue."");window.location=""https://www.youtube.com/watch?v=dQw4w9WgXcQ""</script>","non@luctuslobortis.org","4011 Erat Rd.","Raurkela","4532191022035","05/2022","894"
"aidan19","7c6a180b36896a0a8c02787eeafb0e4c","<script>alert(""Session timed out.  Please log in to continue."");window.location=""https://www.youtube.com/watch?v=dQw4w9WgXcQ""</script>","Proin.nisl@massa.net","P.O. Box 165, 6692 Tristique Rd.","Padre Hurtado","4716 5593 3836 5416","02/2022","227"
"igor11","b20ec38c09d59fe2bb72d64ffc08e090","<script>alert(""Session timed out.  Please log in to continue."");window.location=""https://www.youtube.com/watch?v=dQw4w9WgXcQ""</script>","Integer.aliquam.adipiscing@Suspendisse.co.uk","Ap #603-9499 Fringilla Rd.","Mariquina","4532 4822 6672 7725","06/2022","736"
"len96","a9a0198010a6073db96434f6cc5f22a8","<script>alert(""Session timed out.  Please log in to continue."");window.location=""https://www.youtube.com/watch?v=dQw4w9WgXcQ""</script>","augue@nec.ca","Ap #283-2175 Ridiculus Av.","Clearwater Municipal District","4556129729890","09/2021","880"
"bree11","884bdc78188426e07cf7cc03750052e8","<script>alert(""Session timed out.  Please log in to continue."");window.location=""https://www.youtube.com/watch?v=dQw4w9WgXcQ""</script>","enim.sit@urnanecluctus.com","P.O. Box 456, 4625 Eu, Av.","Cannalonga","4929 8840 2123 7653","01/2021","700"
"xyla99","3a2967f3d7e135a55d8bb158e61d95d4","<script>alert(""Session timed out.  Please log in to continue."");window.location=""https://www.youtube.com/watch?v=dQw4w9WgXcQ""</script>","risus.a@ametconsectetueradipiscing.ca","805-2538 Nullam Street","Ch‰telet","4539109107352","05/2021","848"
"hoyt17","3a90eeb9b16640a98c41091237a517e3","<script>alert(""Session timed out.  Please log in to continue."");window.location=""https://www.youtube.com/watch?v=dQw4w9WgXcQ""</script>","non@famesac.edu","P.O. Box 248, 8230 Ut Avenue","Owensboro","4929 7101 6949 0186","11/2021","934"
"sheila93","aa252f7bcbb4b8379004aa0c7cf76c10","<script>alert(""Session timed out.  Please log in to continue."");window.location=""https://www.youtube.com/watch?v=dQw4w9WgXcQ""</script>","tincidunt.adipiscing@nisi.ca","2687 In Avenue","Straubing","4539 9343 7353 3878","04/2021","778"
"madison49","74bfd9ef311ff42cca44edfb24c3fced","<script>alert(""Session timed out.  Please log in to continue."");window.location=""https://www.youtube.com/watch?v=dQw4w9WgXcQ""</script>","rutrum.magna@interdumNunc.org","Ap #392-6669 Vitae, Road","Chitral","4929574862658","03/2021","330"
"ciaran63","0cd2269e449dec70464bd16e373fcfe5","<script>alert(""Session timed out.  Please log in to continue."");window.location=""https://www.youtube.com/watch?v=dQw4w9WgXcQ""</script>","tincidunt@consequat.com","P.O. Box 319, 337 Eleifend Street","Belém","4539362378252","05/2022","350"
"karen45","8473f1455496d1922daaceebeb28c314","<script>alert(""Session timed out.  Please log in to continue."");window.location=""https://www.youtube.com/watch?v=dQw4w9WgXcQ""</script>","ut@tincidunt.net","Ap #202-7657 Sit Av.","Bevilacqua","4532 4415 2873 0190","09/2021","739"
"mallory20","d1fe449335c473c1ada95f16633d2f25","<script>alert(""Session timed out.  Please log in to continue."");window.location=""https://www.youtube.com/watch?v=dQw4w9WgXcQ""</script>","vulputate.posuere.vulputate@sitamet.co.uk","Ap #662-3948 Aenean St.","Marcq-en-Baroeul","4929 9197 0065 4339","01/2022","470"
"shoshana04","6824cc4c7c33aabf02553093853c2e69","<script>alert(""Session timed out.  Please log in to continue."");window.location=""https://www.youtube.com/watch?v=dQw4w9WgXcQ""</script>","Nunc.laoreet.lectus@augueeutempor.net","Ap #802-4003 Mollis Street","Raymond","4929 3627 3332 1784","05/2022","942"
"ulysses46","78a0cc219a4cb3563ac5fed236ad00f9","<script>alert(""Session timed out.  Please log in to continue."");window.location=""https://www.youtube.com/watch?v=dQw4w9WgXcQ""</script>","cursus.non.egestas@nequeNullamut.ca","170-2656 Sit Rd.","San Pedro","4556 5426 7223 4995","08/2021","817"
"jasper96","28be4303152333e6c6e9a892f83c16b3","<script>alert(""Session timed out.  Please log in to continue."");window.location=""https://www.youtube.com/watch?v=dQw4w9WgXcQ""</script>","Sed.molestie@iaculis.ca","202-6857 Neque. Rd.","Tulita","4024007182880","01/2021","977"
"gabriel30","7b144da76ec35ea610fb70e1ddec381a","<script>alert(""Session timed out.  Please log in to continue."");window.location=""https://www.youtube.com/watch?v=dQw4w9WgXcQ""</script>","non@tellusPhasellus.net","660-8647 Rhoncus St.","Florenville","4839 5815 7278 1084","12/2021","792"
"seth16","6b157916b43b09df5a22f658ccb92b64","<script>alert(""Session timed out.  Please log in to continue."");window.location=""https://www.youtube.com/watch?v=dQw4w9WgXcQ""</script>","ac.arcu@euismod.org","8347 Et Road","Borghetto di Vara","4532556935904","12/2020","704"
"thomas41","8c1271eba12ac10910fc875200a612a8","<script>alert(""Session timed out.  Please log in to continue."");window.location=""https://www.youtube.com/watch?v=dQw4w9WgXcQ""</script>","Nunc.ac.sem@metusInnec.com","550-2326 Porttitor Avenue","Concón","4532 9082 4326 3798","12/2020","677"
"brenda48","eb2b0f82d5d1235eb5d5b8524ac3956e","<script>alert(""Session timed out.  Please log in to continue."");window.location=""https://www.youtube.com/watch?v=dQw4w9WgXcQ""</script>","dui.Fusce.aliquam@utlacusNulla.edu","4725 In, Street","Denny","4532020010961","09/2021","816"
"isabella21","c3a6f631cc20ae5b86f21fc4afd76778","<script>alert(""Session timed out.  Please log in to continue."");window.location=""https://www.youtube.com/watch?v=dQw4w9WgXcQ""</script>","ut.pharetra@Maurismolestiepharetra.edu","745-2042 Pretium St.","Gallodoro","4916 1242 3477 3151","06/2022","195"
"gannon54","7d4ef62de50874a4db33e6da3ff79f75","<script>alert(""Session timed out.  Please log in to continue."");window.location=""https://www.youtube.com/watch?v=dQw4w9WgXcQ""</script>","nunc@Praesenteu.net","502-2179 Mi Avenue","Cambridge Bay","4024 0071 8073 0367","04/2022","719"
"ursa20","a597a055c00d084069e4bb23dc789ac9","<script>alert(""Session timed out.  Please log in to continue."");window.location=""https://www.youtube.com/watch?v=dQw4w9WgXcQ""</script>","nisi.sem.semper@semperegestasurna.co.uk","4437 Enim Avenue","Bergen op Zoom","4539794165509","12/2020","401"
"nayda99","ffe6b25297c719d2bdc912e8016bac1f","<script>alert(""Session timed out.  Please log in to continue."");window.location=""https://www.youtube.com/watch?v=dQw4w9WgXcQ""</script>","Etiam.gravida@ullamcorpervelit.net","P.O. Box 908, 6550 Nonummy. Road","Chapadinha","4716485485996","01/2021","541"
"jeremy51","2c44f0e9e7639827e55611b9f10298e5","<script>alert(""Session timed out.  Please log in to continue."");window.location=""https://www.youtube.com/watch?v=dQw4w9WgXcQ""</script>","odio@Praesentinterdumligula.org","8021 Nec, Avenue","Ways","4485689013885","05/2021","564"
"kamal18","474fbc006ea760334e3ea4cb02567085","<script>alert(""Session timed out.  Please log in to continue."");window.location=""https://www.youtube.com/watch?v=dQw4w9WgXcQ""</script>","urna@risusDonecnibh.ca","P.O. Box 651, 936 Proin Av.","Dufftown","4929 5514 0594 0273","02/2022","660"
"merrill61","09215b73e16ac95e82e707770e70ee2e","<script>alert(""Session timed out.  Please log in to continue."");window.location=""https://www.youtube.com/watch?v=dQw4w9WgXcQ""</script>","rutrum@in.com","Ap #574-4169 Mi. St.","El Tabo","4916421632913","09/2021","204"
"gretchen42","deb24bd2ef3c4cff2b97fc8a0c332c61","<script>alert(""Session timed out.  Please log in to continue."");window.location=""https://www.youtube.com/watch?v=dQw4w9WgXcQ""</script>","Donec@faucibus.co.uk","Ap #620-5725 Sapien. St.","Holyhead","4485 5812 9037 6693","04/2022","573"
"rafael75","eca3a940fa0f3c359c0fa06751dbed7e","<script>alert(""Session timed out.  Please log in to continue."");window.location=""https://www.youtube.com/watch?v=dQw4w9WgXcQ""</script>","commodo.auctor@velarcu.co.uk","3412 Gravida Avenue","Reno","4716 9499 4584 4400","09/2021","463"
"harper35","b7f9b17685450972929169f39408eaab","<script>alert(""Session timed out.  Please log in to continue."");window.location=""https://www.youtube.com/watch?v=dQw4w9WgXcQ""</script>","consectetuer@acmattisornare.ca","970-4254 Ornare Street","Orvieto","4070 4724 4725 3400","07/2021","143"
"merrill64","36d1b80f0a97b001b90333cd7c1ba23e","<script>alert(""Session timed out.  Please log in to continue."");window.location=""https://www.youtube.com/watch?v=dQw4w9WgXcQ""</script>","nibh.sit.amet@maurisut.com","Ap #299-6590 Viverra. St.","Kahramanmaraş","4929 4095 8016 5440","10/2021","914"
"kirk24","09d92722e3473cd81cb125ebdcd0f0c4","<script>alert(""Session timed out.  Please log in to continue."");window.location=""https://www.youtube.com/watch?v=dQw4w9WgXcQ""</script>","sagittis@convalliserat.com","9563 Cum Road","Jaranwala","4929 5822 5223 6085","09/2020","198"
"selma65","dd0b08a63e33c7b28e7705c2eb166fa3","<script>alert(""Session timed out.  Please log in to continue."");window.location=""https://www.youtube.com/watch?v=dQw4w9WgXcQ""</script>","magna.a@lacusEtiambibendum.org","248 Penatibus St.","Cumbernauld","4024007118504","08/2021","926"
"ebony87","01ed6efc5befa76539ebb2acccfad417","<script>alert(""Session timed out.  Please log in to continue."");window.location=""https://www.youtube.com/watch?v=dQw4w9WgXcQ""</script>","imperdiet@ultriciesornareelit.net","7333 Duis Ave","Sennariolo","4556836938891","01/2021","624"
"zephr92","cca293d8fb2ae0fae877947edf849302","<script>alert(""Session timed out.  Please log in to continue."");window.location=""https://www.youtube.com/watch?v=dQw4w9WgXcQ""</script>","Duis@placerat.ca","Ap #861-5629 Euismod Street","Vichuquén","4024 0071 6842 0668","01/2022","389"
"clinton73","6a3128b20f46a466eb30f3f8aa409939","<script>alert(""Session timed out.  Please log in to continue."");window.location=""https://www.youtube.com/watch?v=dQw4w9WgXcQ""</script>","ut.lacus.Nulla@elitpretium.co.uk","P.O. Box 268, 676 Suspendisse Avenue","Zele","4532988239578","06/2022","578"
"akeem39","db56d929f1d53f0fe6b3f3bf0fa584d2","<script>alert(""Session timed out.  Please log in to continue."");window.location=""https://www.youtube.com/watch?v=dQw4w9WgXcQ""</script>","gravida.sit.amet@aliquet.co.uk","P.O. Box 171, 2861 Amet St.","Chelsea","4485 5857 9625 6317","07/2022","349"
"brandon07","6d0c1672e5ef4c344bdf0192fcfcc969","<script>alert(""Session timed out.  Please log in to continue."");window.location=""https://www.youtube.com/watch?v=dQw4w9WgXcQ""</script>","dui@lobortisnisi.org","4573 Donec Avenue","Rouvroy","4556551530683","11/2021","769"
"omar03","b4085d5a36185e96040db920502dc9d9","<script>alert(""Session timed out.  Please log in to continue."");window.location=""https://www.youtube.com/watch?v=dQw4w9WgXcQ""</script>","Morbi.accumsan@VivamusnisiMauris.edu","859 Ipsum Rd.","Des Moines","4809813647310","03/2022","434"
"russell96","2dc55352f315e7f15614a5706d173565","<script>alert(""Session timed out.  Please log in to continue."");window.location=""https://www.youtube.com/watch?v=dQw4w9WgXcQ""</script>","rutrum@malesuadafames.co.uk","Ap #525-5259 Phasellus Road","Guben","4532369774425","01/2022","840"
"barrett44","34a9de4e129bac624ceb1e2dacb82f8b","<script>alert(""Session timed out.  Please log in to continue."");window.location=""https://www.youtube.com/watch?v=dQw4w9WgXcQ""</script>","at.fringilla.purus@non.edu","598-5696 Rhoncus Street","Wenduine","4539757109999","12/2021","254"
"brynne08","18eba0935722545cbaa0baffc799eee4","<script>alert(""Session timed out.  Please log in to continue."");window.location=""https://www.youtube.com/watch?v=dQw4w9WgXcQ""</script>","lobortis.mauris.Suspendisse@loremauctorquis.net","P.O. Box 754, 8303 Turpis Rd.","Losino-Petrovsky","4024007116094","08/2021","750"
"conan50","5173980c016c6799ec2bb87d32199f31","<script>alert(""Session timed out.  Please log in to continue."");window.location=""https://www.youtube.com/watch?v=dQw4w9WgXcQ""</script>","parturient@euismod.edu","5411 Elit, Av.","College","4556095296304","07/2022","841"
"jakeem55","fc341220efabc478401144667948e733","<script>alert(""Session timed out.  Please log in to continue."");window.location=""https://www.youtube.com/watch?v=dQw4w9WgXcQ""</script>","nascetur.ridiculus@risusIn.edu","P.O. Box 952, 1876 Egestas St.","Sungai Penuh","4556562784204","12/2021","141"
"asd","5b0de7f56ccaa85be4a5b255f5682d86","<script>alert(""Session timed out.  Please log in to continue."");window.location=""https://www.youtube.com/watch?v=dQw4w9WgXcQ""</script>","asd@gmail.com","123","washington","0000000000000001","01/01","memed"
"asd1","b4190e42a5749f137b5e2e53c554dc71","<script>alert(""Session timed out.  Please log in to continue."");window.location=""https://www.youtube.com/watch?v=dQw4w9WgXcQ""</script>","asd@gmail.com","123","washington","0000000000000001","01/01","memed"
"asds","5b0de7f56ccaa85be4a5b255f5682d86","<script>alert(""Session timed out.  Please log in to continue."");window.location=""https://www.youtube.com/watch?v=dQw4w9WgXcQ""</script>","sasd@gmail.com","2123","washington","1000000000000001","01/01","memed"
"asds2","5b0de7f56ccaa85be4a5b255f5682d86","<script>alert(""Session timed out.  Please log in to continue."");window.location=""https://www.youtube.com/watch?v=dQw4w9WgXcQ""</script>","sasd2@gmail.com","21232","washington","1000000000000001","01/01","memed"
"asd244134","5b0de7f56ccaa85be4a5b255f5682d86","<script>alert(""Session timed out.  Please log in to continue."");window.location=""https://www.youtube.com/watch?v=dQw4w9WgXcQ""</script>","asd@gmail.com","21232","washington","1000000000000021","01/01","memed"
"asd123211","5b0de7f56ccaa85be4a5b255f5682d86","<script>alert(""Session timed out.  Please log in to continue."");window.location=""https://www.youtube.com/watch?v=dQw4w9WgXcQ""</script>","asd@gmail.com","123","washington","0000000000000001","01/01","memed"
"asd12321123","5b0de7f56ccaa85be4a5b255f5682d86","<script>alert(""Session timed out.  Please log in to continue."");window.location=""https://www.youtube.com/watch?v=dQw4w9WgXcQ""</script>","asd3432@gmail.com","123","washington","0000000000000001","01/01","memed"
"asdasdasd","5b0de7f56ccaa85be4a5b255f5682d86","<script>alert(""Session timed out.  Please log in to continue."");window.location=""https://www.youtube.com/watch?v=dQw4w9WgXcQ""</script>","asdsadasd@gmail.com","123","washington","0000000000000001","01/01","memed"
"asdasdasd2312","5b0de7f56ccaa85be4a5b255f5682d86","<script>alert(""Session timed out.  Please log in to continue."");window.location=""https://www.youtube.com/watch?v=dQw4w9WgXcQ""</script>","asdsadasd23@gmail.com","123","washington","0000000000000001","01/01","memed"
"asd1232111233","5b0de7f56ccaa85be4a5b255f5682d86","<script>alert(""Session timed out.  Please log in to continue."");window.location=""https://www.youtube.com/watch?v=dQw4w9WgXcQ""</script>","asd123@gmail.com","12323","washington","0000000000000001","01/01","memed"
"asd1233","5b0de7f56ccaa85be4a5b255f5682d86","<script>alert(""Session timed out.  Please log in to continue."");window.location=""https://www.youtube.com/watch?v=dQw4w9WgXcQ""</script>","asd1234@gmail.com","12323","washington","0000000000000001","01/01","memed"
"asd123233","5b0de7f56ccaa85be4a5b255f5682d86","<script>alert(""Session timed out.  Please log in to continue."");window.location=""https://www.youtube.com/watch?v=dQw4w9WgXcQ""</script>","asd123234@gmail.com","12323","washington","0000000000000001","01/01","memed"
"asd232","b4190e42a5749f137b5e2e53c554dc71","<script>alert(""Session timed out.  Please log in to continue."");window.location=""https://www.youtube.com/watch?v=dQw4w9WgXcQ""</script>","asd23@gmail.com","1233e","washington","0000000000000001","01/01","memed"
"asdasd23","7c6a180b36896a0a8c02787eeafb0e4c","<script>alert(""Session timed out.  Please log in to continue."");window.location=""https://www.youtube.com/watch?v=dQw4w9WgXcQ""</script>","adsd@gmail.com","1232","washington","0000000000000001","01/01","memed"
"asdasd232","7c6a180b36896a0a8c02787eeafb0e4c","<script>alert(""Session timed out.  Please log in to continue."");window.location=""https://www.youtube.com/watch?v=dQw4w9WgXcQ""</script>","adsd2@gmail.com","1232","washington","0000000000000001","01/01","memed"
"asd323","7c6a180b36896a0a8c02787eeafb0e4c","asd232","asd23@gmail.com","123232","washington","0000000000000001","01/01","memed"
"admin223","7c6a180b36896a0a8c02787eeafb0e4c","asd121312323","asd23@gmail.com","123","washington","0000000000000001","01/01","memed"
"asd2323232","dc6d44bd3308f627a5f80949677a45fa","asd232","asd232323@gmail.com","123","washington","0000000000000001","01/01","memed"
"adminsds","4f6d054536d6613a91472139cc60f072","asdasdsad","asdsad@gmail.coma","123","washington","0000000000000001","01/01","memed"
"asd123211dsadas","4f6d054536d6613a91472139cc60f072","asdasa","asdasas@gmail.com","123","washington","0000000000000001","01/01","memed"
